preprocess,inference,loss,postprocess
0.48787821717012025,2.650366732337495,0.00080574116766755,1.2841127196877253
