preprocess,inference,loss,postprocess
0.4688299633898802,4.504537243685098,0.0007423333238076532,1.6210426906306539
