preprocess,inference,loss,postprocess
0.435893079542659,4.402094695701589,0.0007975959639372027,1.243908512632552
