preprocess,inference,loss,postprocess
0.47422647221905245,2.6718116363315287,0.0008182474685423641,1.471367208335259
