preprocess,inference,loss,postprocess
0.4441345656526421,4.375170039138814,0.0008191793101720366,1.1769679861186666
