preprocess,inference,loss,postprocess
0.624029146475743,18.34247371589575,0.0005968131471940933,2.0028992979758993
