preprocess,inference,loss,postprocess
0.8670566578231698,2.8834786805620953,0.0009407222253253396,1.8344283800771988
